nthreads;tempo
2;8.67071
3;8.69535
