ordem,tempo_25k,tempo_50k,tempo_75k,tempo_100k,tempo_1kk
crescente,0.007732,0.015997,0.026196,0.034128,0.314604
decrescente,0.007648,0.015921,0.026144,0.035227,0.309430
aleatorio,0.010376,0.021183,0.035791,0.046166,0.457731
aleatorio100kk,0.010507,0.021382,0.036030,0.046516,0.454077
