ordem,tempo_25k,tempo_50k,tempo_75k,tempo_100k,tempo_1kk
crescente,0.000267,0.000505,0.000707,0.000991,0.010390
decrescente,0.000245,0.000474,0.000664,0.000844,0.009582
aleatorio,0.000443,0.000847,0.001239,0.001679,0.021381
aleatorio100kk,0.184745,0.184625,0.187967,0.188811,0.202601
