ordem;tempo_25k;tempo_50k;tempo_75k;tempo_100k;tempo_1kk
crescente;0.000261;0.000503;0.000864;0.001112;0.009460
decrescente;0.000245;0.000464;0.000673;0.000843;0.008424
aleatorio;0.000435;0.000838;0.001233;0.001672;0.018139
aleatorio100kk;0.184503;0.182566;0.181952;0.183289;0.200595
