ordem;tempo_25k;tempo_50k;tempo_75k;tempo_100k;tempo_1kk
crescente;0.004896;0.010536;0.016395;0.022275;0.263245
decrescente;0.004976;0.010620;0.016179;0.022164;0.262773
aleatorio;0.006236;0.012973;0.019835;0.027493;0.354905
aleatorio100kk;0.006038;0.013015;0.019810;0.027566;0.357294
