ordem,tempo_25k,tempo_50k,tempo_75k,tempo_100k,tempo_1kk
crescente,0.004857,0.011698,0.016526,0.022720,0.268019
decrescente,0.004842,0.010845,0.016369,0.021980,0.269381
aleatorio,0.006099,0.013118,0.020355,0.028086,0.358603
aleatorio100kk,0.006347,0.013165,0.020183,0.027750,0.356552
