ordem;tempo_25k;tempo_50k;tempo_75k;tempo_100k;tempo_1kk
crescente;0.004890;0.010393;0.015850;0.021420;0.257160
decrescente;0.004757;0.010385;0.016451;0.021784;0.258045
aleatorio;0.006116;0.012521;0.020317;0.027124;0.352833
aleatorio100kk;0.006067;0.013485;0.019458;0.028342;0.348216
