nthreads;tempo
2;0.181411
3;0.845444
