nthreads;tempo
2;0.185581
3;0.863377
4;2.82253
5;5.41558
6;7.82283
7;22.6805
8;11.4721
